Workbook

Sheet Start Here
A1: PakFreight Data Detective — Week 2 Activity
A2: Data Warehousing & BI · Week 2 — DW Lifecycle & Architecture. PakFreight has three shipment systems (Marine, Rail, Road). Every department reports a different total tonnage. Your team will find out why, fix it in a staging area, and prove the one true number.
A4: How to work
A5: • | B5: Work in teams of 3. Name one person each: Operations, Finance, Sales (needed in Task 2).
A6: • | B6: Do the tasks in order — each tab is named T1, T2 … The minutes are a guide; your teacher will call time.
A7: • | B7: Only type in YELLOW cells. GREY cells are raw data as received — never edit them (that is the point of staging!).
A8: • | B8: Task 4 checks your work automatically: every ✘ means something in Task 3 is still wrong.
A9: • | B9: Task 8 (draw Inmon vs Kimball) is done on paper — see the slide 'Your Turn: Draw Both Architectures'.
A10: • | B10: Save the file as Team_<number>.xlsx and submit it with a photo of your drawing.
A12: Plan
A13: # | B13: Task | C13: Tab | D13: 60-min class | E13: 45-min class | F13: Concept from the slides
A14: 0 | B14: Teacher intro: the '3 different totals' problem | C14: — | D14: 5 | E14: 3 | F14: Slide 17 stovepipes
A15: 1 | B15: Data Detective — log every problem in the raw files | C15: T1 Detective | D15: 8 | E15: 6 | F15: Staging: profile before load
A16: 2 | B16: Stovepipe Game — each department computes its own total | C16: T2 Stovepipes | D16: 7 | E16: 5 | F16: Independent vs dependent marts
A17: 3 | B17: Clean the 3 files in staging with formulas | C17: T3a / T3b / T3c | D17: 15 | E17: 12 | F17: Staging transformations
A18: 4 | B18: Reconcile — prove 34 rows and 578,650 kg | C18: T4 Reconcile | D18: 3 | E18: 3 | F18: Validate before you trust
A19: 5 | B19: Trace the lineage of one number | C19: T5 Lineage | D19: 5 | E19: 0 | F19: Lineage (slide 29) — homework in 45-min version
A20: 6 | B20: Kimball Bus Matrix | C20: T6 Bus Matrix | D20: 7 | E20: 6 | F20: Conformed dimensions
A21: 7 | B21: Inmon or Kimball? — 10 scenarios | C21: T7 Inmon or Kimball | D21: 5 | E21: 5 | F21: Top-down vs bottom-up
A22: 8 | B22: Draw both architectures (paper) | C22: Slide 20c | D22: 5 | E22: 5 | F22: Inmon CIF vs Kimball bus
B23: Total minutes | D23: =SUM(D14:D22) | E23: =SUM(E14:E22)
A25: Colour legend
B26: You type here
B27: Raw data — do not edit
B28: ✔ check passed
B29: ✘ check failed — go back and fix
A31: The data contract (target schema)
A32: Column | B32: Type | C32: Rule | D32: Example
A33: ShipmentID | B33: Text | C33: Not blank · unique · prefix MR- / RL- / RD- | D33: RL-45012
A34: ShipDate | B34: Date | C34: Real date (dd-mmm-yyyy) | D34: 03-Feb-2026
A35: Origin | B35: Text
A36: Destination | B36: Text
A37: WeightKG | B37: Number | C37: > 0 · kilograms only | D37: 32,500
A38: CostPKR | B38: Number | C38: > 0 | D38: 285,000
A39: Status | B39: Text | C39: Exactly one of: Delivered · In Transit · Delayed | D39: Delivered
A40: SourceSystem | B40: Text | C40: Marine · Rail · Road (audit column) | D40: Rail

Sheet Marine_Raw
A1: Shipment_ID | B1: Ship_Date | C1: Origin_Port | D1: Dest_Port | E1: Weight_KG | F1: Cost_PKR | G1: Status
A2: MR-1001 | B2: 01/02/2026 | C2: Karachi Port | D2: Lahore Dry Port | E2: 18000 | F2: 142000 | G2: DELIVERED
A3: MR-1002 | B3: 02/02/2026 | C3: Port Qasim | D3: Faisalabad Dry Port | E3: 22500 | F3: 171000 | G3: DELIVERED
A4: MR-1003 | B4: 03/02/2026 | C4: Karachi Port | D4: Lahore Dry Port | E4: 15000 | F4: 119000 | G4: IN TRANSIT
A5: MR-1004 | B5: 04/02/2026 | C5: Gwadar Port | D5: Quetta | E5: 20000 | F5: 188000 | G5: DELIVERED
A6: MR-1005 | B6: 05/02/2026 | C6: Port Qasim | D6: Multan | E6: 16500 | F6: 128000 | G6: DELIVERED
A7: MR-1006 | B7: 06/02/2026 | C7: Karachi Port | D7: Sialkot Dry Port | E7: 19000 | F7: 154000 | G7: DELAYED
A8: MR-1007 | B8: 07/02/2026 | C8: Port Qasim | D8: Lahore Dry Port | E8: 14000 | F8: 109000 | G8: DELIVERED
A9: MR-1008 | B9: 09/02/2026 | C9: Karachi Port | D9: Peshawar | E9: 21000 | F9: 197000 | G9: IN TRANSIT
A10: MR-1009 | B10: 10/02/2026 | C10: Gwadar Port | D10: Karachi Cantt | E10: 17500 | F10: 98000 | G10: DELIVERED
A11: MR-1010 | B11: 11/02/2026 | C11: Port Qasim | D11: Islamabad Dry Port | E11: 15500 | F11: 139000 | G11: DELIVERED
A12: MR-1011 | B12: 12/02/2026 | C12: Karachi Port | D12: Hyderabad | E12: 13500 | F12: 61000 | G12: IN TRANSIT
A13: MR-1012 | B13: 13/02/2026 | C13: Port Qasim | D13: Lahore Dry Port | E13: 14000 | F13: 112000 | G13: DELIVERED

Sheet Rail_Raw
A1: Pakistan Railways Freight — Consignment Register
A2: Period: February 2026 | Weights in TONS
A3: Consignment No | B3: Dispatch Date | C3: From Station | D3: To Station | E3: Weight (Tons) | F3: Freight Charges (PKR) | G3: Status
A4: 45012 | B4: 46056 | C4: Karachi Cantt | D4: Lahore | E4: 32.5 | F4: 285000 | G4: Delivered
A5: 45013 | B5: 46056 | C5: Karachi Cantt | D5: Rawalpindi | E5: 28.75 | F5: 301000 | G5: delivered
A6: 45014 | B6: 46057 | C6: Pipri Marshalling Yard | D6: Faisalabad | E6: 30 | F6: 262000 | G6: In transit
A7: 45015 | B7: 46058 | C7: Karachi Cantt | D7: Multan | E7: 26.5 | F7: 198000 | G7: Delivered
A8: 45016 | B8: 46059 | C8: Pipri Marshalling Yard | D8: Lahore | E8: 31.25 | F8: 276000 | G8: DELAYED
A9: 45017 | B9: 46060 | C9: Karachi Cantt | D9: Peshawar Cantt | E9: 29 | F9: 334000 | G9: Delivered
A10: 45018 | B10: 46062 | C10: Pipri Marshalling Yard | D10: Rawalpindi | E10: 27.5 | F10: 289000 | G10: delayed
A11: 45019 | B11: 46063 | C11: Karachi Cantt | D11: Lahore | E11: 33 | F11: 291000 | G11: Delivered
A12: 45020 | B12: 46064 | C12: Karachi Cantt | D12: Sukkur | E12: 28.25 | F12: 142000 | G12: in Transit
A13: 45021 | B13: 46065 | C13: Pipri Marshalling Yard | D13: Multan | E13: 28.5 | F13: 207000 | G13: delivered

Sheet Road_Raw
A1: trip_id | B1: trip_date | C1: from_city | D1: to_city | E1: weight_kg | F1: cost_pkr | G1: status
A2: rd-501 | B2: 2026-02-02 | C2: Lahore | D2: Islamabad | E2: 6500 | F2: 58000 | G2: delivered
A3: rd-502 | B3: 2026-02-02 | C3: Karachi | D3: Hyderabad | E3: 7200 | F3: 41000 | G3: delivered
A4: rd-503 | B4: 2026-02-03 | C4: Lahore | D4: Faisalabad | E4: 5800 | F4: 32000 | G4: in transit
A5: rd-504 | B5: 2026-02-04 | C5: Multan | D5: Lahore | E5: 6900 | F5: 61000 | G5: delivered
A6: rd-505 | B6: 2026-02-05 | C6: Islamabad | D6: Peshawar | E6: 6100 | F6: 47000 | G6: delivered
A7: rd-505 | B7: 2026-02-05 | C7: Islamabad | D7: Peshawar | E7: 6100 | F7: 47000 | G7: delivered
A8: rd-506 | B8: 2026-02-06 | C8: Karachi | D8: Sukkur | E8: 7400 | F8: 83000 | G8: delayed
A9: rd-507 | B9: 2026-02-07 | C9: Lahore | D9: Sialkot | E9: 5900 | F9: 39000 | G9: delivered
A10: rd-508 | B10: 2026-02-09 | C10: Quetta | D10: Karachi | E10: 6600 | F10: 92000 | G10: in transit
A11: rd-509 | B11: 2026-02-10 | C11: Faisalabad | D11: Multan | E11: 6200 | F11: 44000 | G11: delivered
A12: rd-510 | B12: 2026-02-11 | C12: Lahore | D12: Gujranwala | E12: 7000 | F12: 27000 | G12: delivered
A13: rd-511 | B13: 2026-02-12 | C13: Karachi | D13: Hyderabad | E13: 5500 | F13: 36000 | G13: in transit
A14: rd-512 | B14: 2026-02-13 | C14: Rawalpindi | D14: Abbottabad | E14: 5800 | F14: 45000 | G14: delivered
A16: TOTAL | E16: 83000 | F16: 652000

Sheet T1 Detective
A1: Task 1 · Data Detective (8 min)
A2: Open Marine_Raw, Rail_Raw and Road_Raw. Find at least 10 problems that would break or silently corrupt a warehouse load. For each one say what would go wrong and in which tier you would fix it (Source / Staging / Storage / Presentation). The first row is an example.
A4: # | B4: Source file | C4: Where (column / row) | D4: Problem you found | E4: What goes wrong if loaded as-is? | F4: Fix in which tier? | G4: How would you fix it?
A5: 1 | B5: Marine | C5: Ship_Date (all rows) | D5: Dates are text in dd/mm/yyyy | E5: A US-locale tool reads 03/02 as 2 March; 13/02/2026 becomes an error | F5: Staging | G5: Convert to a real date using the UK locale
A6: Marine | B6: Ship_Date / all rows, e.g. row 2 | C6: Text dates use dd/mm/yyyy. | D6: Locale parsing can swap day and month or create errors. | E6: Staging | F6: Build DATE(year,month,day) from the text parts.
A7: Marine | B7: Status / row 3 | C7: "DELIVERED " has trailing whitespace. | D7: Status counts split into separate values. | E7: Staging | F7: TRIM then PROPER.
A8: Marine | B8: Status / row 4 | C8: "IN TRANSIT" uses all caps. | D8: Case-sensitive grouping can split the same status. | E8: Staging | F8: TRIM then PROPER.
A9: Rail | B9: Workbook rows 1?2 | C9: Two title/non-data rows precede the header. | D9: Headers/data can be shifted into wrong fields. | E9: Staging | F9: Remove top two rows before promoting headers.
A10: Rail | B10: Weight (Tons) / row 4 | C10: 32.5 is tons, not kilograms. | D10: Weight is understated by a factor of 1,000. | E10: Staging | F10: Multiply tons by 1,000 to create WeightKG.
A11: Rail | B11: Consignment No / row 4 | C11: 45012 is numeric and lacks the RL- prefix. | D11: Identifiers cannot conform across systems. | E11: Staging | F11: Create RL-45012 with a text prefix.
A12: Rail | B12: Status / rows 5?14 | C12: Mixed case and leading/trailing spaces. | D12: Status dimensions fragment. | E12: Staging | F12: TRIM then PROPER.
A13: Road | B13: trip_id / rows 9?10 | C13: rd-505 occurs twice. | D13: The same trip is counted twice. | E13: Staging | F13: Keep the first occurrence and mark the duplicate N.
A14: Road | B14: row 18 | C14: Entire row is blank. | D14: Blank records can inflate row counts or create null facts. | E14: Staging | F14: Mark N with reason Blank row.
A15: Road | B15: trip_id / row 19 | C15: TOTAL is a summary row, not a shipment. | D15: Adding it double-counts road weight. | E15: Staging | F15: Mark N with reason Non-data TOTAL row.
A16: Road | B16: trip_id / all rows, e.g. rd-501 | C16: Identifiers are lower-case rd-. | D16: Case-sensitive joins/grouping can split IDs. | E16: Staging | F16: UPPER to RD-501.
A17: Road | B17: status / row 7 | C17: "in transit " has trailing whitespace and lower case. | D17: Status counts split or fail lookups. | E17: Staging | F17: TRIM then PROPER.
D18: Issues found: | E18: =COUNTA(D5:D16)

Sheet T2 Stovepipes
A1: Task 2 · The Stovepipe Game (7 min)
A2: Each team member plays one department that built its OWN mini-warehouse with its OWN rules. Write a formula in the yellow cell that adds up the raw sheets following ONLY your department's rule. Then compare.
A4: Department | B4: Their (flawed) rule | C4: Your formula → total kg | D4: Tonnes | E4: Difference from truth (t) | F4: Hint
A5: Operations | B5: Removed the duplicate rd-505 ✔ but forgot to remove the TOTAL row ✘. Rail converted to kg ✔. | C5: =SUM('T3a Marine_Stg'!L5:L16)+SUM('T3b Rail_Stg'!L5:L14)+SUM('T3c Road_Stg'!L5:L19)-'T3c Road_Stg'!L10 | D5: =IF(C5="","",C5/1000) | E5: =IF(C5="","",D5-$D$9) | F5: SUM the whole Road column (TOTAL included) then subtract the duplicate row
A6: Finance | B6: Cleaned Road correctly ✔ but loaded Rail tonnes as if they were kg ✘. | C6: =SUM('T3a Marine_Stg'!L5:L16)+SUM('T3b Rail_Stg'!E5:E14)+SUMIF('T3c Road_Stg'!P5:P19,"Y",'T3c Road_Stg'!L5:L19) | D6: =IF(C6="","",C6/1000) | E6: =IF(C6="","",D6-$D$9) | F6: Don't multiply Rail by 1000
A7: Sales | B7: Removed the TOTAL row ✔ but kept the duplicate trip ✘. Rail converted to kg ✔. | C7: =SUM('T3a Marine_Stg'!L5:L16)+SUM('T3b Rail_Stg'!L5:L14)+SUM('T3c Road_Stg'!L5:L18) | D7: =IF(C7="","",C7/1000) | E7: =IF(C7="","",D7-$D$9) | F7: Road rows 2–14 include the duplicate
A9: Official truth | B9: One staging area, one set of rules (dependent / conformed marts) | C9: 578650 | D9: =C9/1000
A11: Discuss (write one line each)
A12: Each department applied a consistent local rule to a different schema: Operations included a summary row, Finance ignored the rail unit in the header, and Sales retained a duplicate. Without shared staging definitions, each local total is internally plausible but not comparable.
A14: Operations is most dangerous because a summary TOTAL row can be re-added whenever the source refreshes, silently doubling a source contribution while still looking like a valid shipment total.
A16: Use one shared staging layer with conformed shipment ID, date, status, and WeightKG columns, plus row-level keep/reason flags and reconciliation controls before reporting.
A18: The data owner/steward with Finance and Operations sign-off should define the official shipment and weight rules; governance owns the definition, not an individual department.

Sheet T3a Marine_Stg
A1: Task 3a · Stage the Marine file
A2: Write one formula in the first yellow cell of each column, then drag it down. Columns that are already filled are simple copies.
A3: RAW — copied exactly as received (grey, don't edit) | H3: STAGED — contract columns (your formulas in yellow)
A4: Shipment_ID | B4: Ship_Date | C4: Origin_Port | D4: Dest_Port | E4: Weight_KG | F4: Cost_PKR | G4: Status | H4: ShipmentID | I4: ShipDate | J4: Origin | K4: Destination | L4: WeightKG | M4: CostPKR | N4: Status | O4: SourceSystem | R4: Hints
A5: MR-1001 | B5: 01/02/2026 | C5: Karachi Port | D5: Lahore Dry Port | E5: 18000 | F5: 142000 | G5: DELIVERED | H5: =A5 | I5: =DATE(VALUE(RIGHT(B5,4)),VALUE(MID(B5,4,2)),VALUE(LEFT(B5,2))) | J5: =C5 | K5: =D5 | L5: =E5 | M5: =F5 | N5: =PROPER(TRIM(G5)) | O5: ="Marine" | R5: ShipDate: B is TEXT like 03/02/2026 = 3 February. Pull day, month, year with LEFT, MID, RIGHT and build a date with DATE(year, month, day).
A6: MR-1002 | B6: 02/02/2026 | C6: Port Qasim | D6: Faisalabad Dry Port | E6: 22500 | F6: 171000 | G6: DELIVERED | H6: =A6 | I6: =DATE(VALUE(RIGHT(B6,4)),VALUE(MID(B6,4,2)),VALUE(LEFT(B6,2))) | J6: =C6 | K6: =D6 | L6: =E6 | M6: =F6 | N6: =PROPER(TRIM(G6)) | O6: ="Marine" | R6: TRAP CHECK: MR-1003 must show 03-Feb-2026 (not 02-Mar) and MR-1012 must show 13-Feb-2026 (not an error).
A7: MR-1003 | B7: 03/02/2026 | C7: Karachi Port | D7: Lahore Dry Port | E7: 15000 | F7: 119000 | G7: IN TRANSIT | H7: =A7 | I7: =DATE(VALUE(RIGHT(B7,4)),VALUE(MID(B7,4,2)),VALUE(LEFT(B7,2))) | J7: =C7 | K7: =D7 | L7: =E7 | M7: =F7 | N7: =PROPER(TRIM(G7)) | O7: ="Marine" | R7: Status: remove hidden spaces first, then fix the case. Look up TRIM and PROPER.
A8: MR-1004 | B8: 04/02/2026 | C8: Gwadar Port | D8: Quetta | E8: 20000 | F8: 188000 | G8: DELIVERED | H8: =A8 | I8: =DATE(VALUE(RIGHT(B8,4)),VALUE(MID(B8,4,2)),VALUE(LEFT(B8,2))) | J8: =C8 | K8: =D8 | L8: =E8 | M8: =F8 | N8: =PROPER(TRIM(G8)) | O8: ="Marine" | R8: SourceSystem: every row gets the same text — this is your audit column.
A9: MR-1005 | B9: 05/02/2026 | C9: Port Qasim | D9: Multan | E9: 16500 | F9: 128000 | G9: DELIVERED | H9: =A9 | I9: =DATE(VALUE(RIGHT(B9,4)),VALUE(MID(B9,4,2)),VALUE(LEFT(B9,2))) | J9: =C9 | K9: =D9 | L9: =E9 | M9: =F9 | N9: =PROPER(TRIM(G9)) | O9: ="Marine"
A10: MR-1006 | B10: 06/02/2026 | C10: Karachi Port | D10: Sialkot Dry Port | E10: 19000 | F10: 154000 | G10: DELAYED | H10: =A10 | I10: =DATE(VALUE(RIGHT(B10,4)),VALUE(MID(B10,4,2)),VALUE(LEFT(B10,2))) | J10: =C10 | K10: =D10 | L10: =E10 | M10: =F10 | N10: =PROPER(TRIM(G10)) | O10: ="Marine"
A11: MR-1007 | B11: 07/02/2026 | C11: Port Qasim | D11: Lahore Dry Port | E11: 14000 | F11: 109000 | G11: DELIVERED | H11: =A11 | I11: =DATE(VALUE(RIGHT(B11,4)),VALUE(MID(B11,4,2)),VALUE(LEFT(B11,2))) | J11: =C11 | K11: =D11 | L11: =E11 | M11: =F11 | N11: =PROPER(TRIM(G11)) | O11: ="Marine"
A12: MR-1008 | B12: 09/02/2026 | C12: Karachi Port | D12: Peshawar | E12: 21000 | F12: 197000 | G12: IN TRANSIT | H12: =A12 | I12: =DATE(VALUE(RIGHT(B12,4)),VALUE(MID(B12,4,2)),VALUE(LEFT(B12,2))) | J12: =C12 | K12: =D12 | L12: =E12 | M12: =F12 | N12: =PROPER(TRIM(G12)) | O12: ="Marine"
A13: MR-1009 | B13: 10/02/2026 | C13: Gwadar Port | D13: Karachi Cantt | E13: 17500 | F13: 98000 | G13: DELIVERED | H13: =A13 | I13: =DATE(VALUE(RIGHT(B13,4)),VALUE(MID(B13,4,2)),VALUE(LEFT(B13,2))) | J13: =C13 | K13: =D13 | L13: =E13 | M13: =F13 | N13: =PROPER(TRIM(G13)) | O13: ="Marine"
A14: MR-1010 | B14: 11/02/2026 | C14: Port Qasim | D14: Islamabad Dry Port | E14: 15500 | F14: 139000 | G14: DELIVERED | H14: =A14 | I14: =DATE(VALUE(RIGHT(B14,4)),VALUE(MID(B14,4,2)),VALUE(LEFT(B14,2))) | J14: =C14 | K14: =D14 | L14: =E14 | M14: =F14 | N14: =PROPER(TRIM(G14)) | O14: ="Marine"
A15: MR-1011 | B15: 12/02/2026 | C15: Karachi Port | D15: Hyderabad | E15: 13500 | F15: 61000 | G15: IN TRANSIT | H15: =A15 | I15: =DATE(VALUE(RIGHT(B15,4)),VALUE(MID(B15,4,2)),VALUE(LEFT(B15,2))) | J15: =C15 | K15: =D15 | L15: =E15 | M15: =F15 | N15: =PROPER(TRIM(G15)) | O15: ="Marine"
A16: MR-1012 | B16: 13/02/2026 | C16: Port Qasim | D16: Lahore Dry Port | E16: 14000 | F16: 112000 | G16: DELIVERED | H16: =A16 | I16: =DATE(VALUE(RIGHT(B16,4)),VALUE(MID(B16,4,2)),VALUE(LEFT(B16,2))) | J16: =C16 | K16: =D16 | L16: =E16 | M16: =F16 | N16: =PROPER(TRIM(G16)) | O16: ="Marine"

Sheet T3b Rail_Stg
A1: Task 3b · Stage the Rail file
A2: The two title rows were already removed for you (in Power BI you'd do it with Remove Top Rows). Fill the yellow columns.
A3: RAW — copied exactly as received (grey, don't edit) | H3: STAGED — contract columns (your formulas in yellow)
A4: Consignment No | B4: Dispatch Date | C4: From Station | D4: To Station | E4: Weight (Tons) | F4: Freight Charges (PKR) | G4: Status | H4: ShipmentID | I4: ShipDate | J4: Origin | K4: Destination | L4: WeightKG | M4: CostPKR | N4: Status | O4: SourceSystem | R4: Hints
A5: 45012 | B5: 46056 | C5: Karachi Cantt | D5: Lahore | E5: 32.5 | F5: 285000 | G5: Delivered | H5: ="RL-"&A5 | I5: =B5 | J5: =C5 | K5: =D5 | L5: =E5*1000 | M5: =F5 | N5: =PROPER(TRIM(G5)) | O5: ="Rail" | R5: ShipmentID: join the text 'RL-' to the number with & → RL-45012.
A6: 45013 | B6: 46056 | C6: Karachi Cantt | D6: Rawalpindi | E6: 28.75 | F6: 301000 | G6: delivered | H6: ="RL-"&A6 | I6: =B6 | J6: =C6 | K6: =D6 | L6: =E6*1000 | M6: =F6 | N6: =PROPER(TRIM(G6)) | O6: ="Rail" | R6: WeightKG: Rail is in TONNES. 1 tonne = 1,000 kg.
A7: 45014 | B7: 46057 | C7: Pipri Marshalling Yard | D7: Faisalabad | E7: 30 | F7: 262000 | G7: In transit | H7: ="RL-"&A7 | I7: =B7 | J7: =C7 | K7: =D7 | L7: =E7*1000 | M7: =F7 | N7: =PROPER(TRIM(G7)) | O7: ="Rail" | R7: Status: same trick as Marine.
A8: 45015 | B8: 46058 | C8: Karachi Cantt | D8: Multan | E8: 26.5 | F8: 198000 | G8: Delivered | H8: ="RL-"&A8 | I8: =B8 | J8: =C8 | K8: =D8 | L8: =E8*1000 | M8: =F8 | N8: =PROPER(TRIM(G8)) | O8: ="Rail" | R8: Check: RL-45012 should weigh 32,500 kg.
A9: 45016 | B9: 46059 | C9: Pipri Marshalling Yard | D9: Lahore | E9: 31.25 | F9: 276000 | G9: DELAYED | H9: ="RL-"&A9 | I9: =B9 | J9: =C9 | K9: =D9 | L9: =E9*1000 | M9: =F9 | N9: =PROPER(TRIM(G9)) | O9: ="Rail"
A10: 45017 | B10: 46060 | C10: Karachi Cantt | D10: Peshawar Cantt | E10: 29 | F10: 334000 | G10: Delivered | H10: ="RL-"&A10 | I10: =B10 | J10: =C10 | K10: =D10 | L10: =E10*1000 | M10: =F10 | N10: =PROPER(TRIM(G10)) | O10: ="Rail"
A11: 45018 | B11: 46062 | C11: Pipri Marshalling Yard | D11: Rawalpindi | E11: 27.5 | F11: 289000 | G11: delayed | H11: ="RL-"&A11 | I11: =B11 | J11: =C11 | K11: =D11 | L11: =E11*1000 | M11: =F11 | N11: =PROPER(TRIM(G11)) | O11: ="Rail"
A12: 45019 | B12: 46063 | C12: Karachi Cantt | D12: Lahore | E12: 33 | F12: 291000 | G12: Delivered | H12: ="RL-"&A12 | I12: =B12 | J12: =C12 | K12: =D12 | L12: =E12*1000 | M12: =F12 | N12: =PROPER(TRIM(G12)) | O12: ="Rail"
A13: 45020 | B13: 46064 | C13: Karachi Cantt | D13: Sukkur | E13: 28.25 | F13: 142000 | G13: in Transit | H13: ="RL-"&A13 | I13: =B13 | J13: =C13 | K13: =D13 | L13: =E13*1000 | M13: =F13 | N13: =PROPER(TRIM(G13)) | O13: ="Rail"
A14: 45021 | B14: 46065 | C14: Pipri Marshalling Yard | D14: Multan | E14: 28.5 | F14: 207000 | G14: delivered | H14: ="RL-"&A14 | I14: =B14 | J14: =C14 | K14: =D14 | L14: =E14*1000 | M14: =F14 | N14: =PROPER(TRIM(G14)) | O14: ="Rail"

Sheet T3c Road_Stg
A1: Task 3c · Stage the Road file
A2: Road has junk rows. Transform every row, then decide in 'Keep?' which rows are real shipments (Y) and which must be removed (N) — with a reason.
A3: RAW — copied exactly as received (grey, don't edit) | H3: STAGED — contract columns (your formulas in yellow)
A4: trip_id | B4: trip_date | C4: from_city | D4: to_city | E4: weight_kg | F4: cost_pkr | G4: status | H4: ShipmentID | I4: ShipDate | J4: Origin | K4: Destination | L4: WeightKG | M4: CostPKR | N4: Status | O4: SourceSystem | P4: Keep? (Y/N) | Q4: Reason if N | R4: Hints
A5: rd-501 | B5: 2026-02-02 | C5: Lahore | D5: Islamabad | E5: 6500 | F5: 58000 | G5: delivered | H5: =IF(A5="","",UPPER(A5)) | I5: =IFERROR(DATEVALUE(B5),"") | J5: =IF(C5="","",C5) | K5: =IF(D5="","",D5) | L5: =IF(E5="","",E5) | M5: =IF(F5="","",F5) | N5: =IF(G5="","",PROPER(TRIM(G5))) | O5: ="Road" | P5: =IF(A5="","N",IF(UPPER(A5)="TOTAL","N",IF(COUNTIF($A$5:A5,A5)>1,"N","Y"))) | Q5: =IF(P5="Y","",IF(A5="","Blank row",IF(UPPER(A5)="TOTAL","Non-data TOTAL row","Duplicate shipment ID"))) | R5: ShipmentID: make it UPPERCASE → RD-501.
A6: rd-502 | B6: 2026-02-02 | C6: Karachi | D6: Hyderabad | E6: 7200 | F6: 41000 | G6: delivered | H6: =IF(A6="","",UPPER(A6)) | I6: =IFERROR(DATEVALUE(B6),"") | J6: =IF(C6="","",C6) | K6: =IF(D6="","",D6) | L6: =IF(E6="","",E6) | M6: =IF(F6="","",F6) | N6: =IF(G6="","",PROPER(TRIM(G6))) | O6: ="Road" | P6: =IF(A6="","N",IF(UPPER(A6)="TOTAL","N",IF(COUNTIF($A$5:A6,A6)>1,"N","Y"))) | Q6: =IF(P6="Y","",IF(A6="","Blank row",IF(UPPER(A6)="TOTAL","Non-data TOTAL row","Duplicate shipment ID"))) | R6: ShipDate: B is text like 2026-02-02. DATEVALUE turns it into a date; wrap it in IFERROR for the junk rows.
A7: rd-503 | B7: 2026-02-03 | C7: Lahore | D7: Faisalabad | E7: 5800 | F7: 32000 | G7: in transit | H7: =IF(A7="","",UPPER(A7)) | I7: =IFERROR(DATEVALUE(B7),"") | J7: =IF(C7="","",C7) | K7: =IF(D7="","",D7) | L7: =IF(E7="","",E7) | M7: =IF(F7="","",F7) | N7: =IF(G7="","",PROPER(TRIM(G7))) | O7: ="Road" | P7: =IF(A7="","N",IF(UPPER(A7)="TOTAL","N",IF(COUNTIF($A$5:A7,A7)>1,"N","Y"))) | Q7: =IF(P7="Y","",IF(A7="","Blank row",IF(UPPER(A7)="TOTAL","Non-data TOTAL row","Duplicate shipment ID"))) | R7: Keep?: there are 15 raw lines but only 12 real trips. Find the 3 that must go.
A8: rd-504 | B8: 2026-02-04 | C8: Multan | D8: Lahore | E8: 6900 | F8: 61000 | G8: delivered | H8: =IF(A8="","",UPPER(A8)) | I8: =IFERROR(DATEVALUE(B8),"") | J8: =IF(C8="","",C8) | K8: =IF(D8="","",D8) | L8: =IF(E8="","",E8) | M8: =IF(F8="","",F8) | N8: =IF(G8="","",PROPER(TRIM(G8))) | O8: ="Road" | P8: =IF(A8="","N",IF(UPPER(A8)="TOTAL","N",IF(COUNTIF($A$5:A8,A8)>1,"N","Y"))) | Q8: =IF(P8="Y","",IF(A8="","Blank row",IF(UPPER(A8)="TOTAL","Non-data TOTAL row","Duplicate shipment ID"))) | R8: Status: TRIM + PROPER again.
A9: rd-505 | B9: 2026-02-05 | C9: Islamabad | D9: Peshawar | E9: 6100 | F9: 47000 | G9: delivered | H9: =IF(A9="","",UPPER(A9)) | I9: =IFERROR(DATEVALUE(B9),"") | J9: =IF(C9="","",C9) | K9: =IF(D9="","",D9) | L9: =IF(E9="","",E9) | M9: =IF(F9="","",F9) | N9: =IF(G9="","",PROPER(TRIM(G9))) | O9: ="Road" | P9: =IF(A9="","N",IF(UPPER(A9)="TOTAL","N",IF(COUNTIF($A$5:A9,A9)>1,"N","Y"))) | Q9: =IF(P9="Y","",IF(A9="","Blank row",IF(UPPER(A9)="TOTAL","Non-data TOTAL row","Duplicate shipment ID"))) | R9: Why not just delete the junk rows? Because staging keeps the raw copy — you mark and explain, so the audit trail survives.
A10: rd-505 | B10: 2026-02-05 | C10: Islamabad | D10: Peshawar | E10: 6100 | F10: 47000 | G10: delivered | H10: =IF(A10="","",UPPER(A10)) | I10: =IFERROR(DATEVALUE(B10),"") | J10: =IF(C10="","",C10) | K10: =IF(D10="","",D10) | L10: =IF(E10="","",E10) | M10: =IF(F10="","",F10) | N10: =IF(G10="","",PROPER(TRIM(G10))) | O10: ="Road" | P10: =IF(A10="","N",IF(UPPER(A10)="TOTAL","N",IF(COUNTIF($A$5:A10,A10)>1,"N","Y"))) | Q10: =IF(P10="Y","",IF(A10="","Blank row",IF(UPPER(A10)="TOTAL","Non-data TOTAL row","Duplicate shipment ID")))
A11: rd-506 | B11: 2026-02-06 | C11: Karachi | D11: Sukkur | E11: 7400 | F11: 83000 | G11: delayed | H11: =IF(A11="","",UPPER(A11)) | I11: =IFERROR(DATEVALUE(B11),"") | J11: =IF(C11="","",C11) | K11: =IF(D11="","",D11) | L11: =IF(E11="","",E11) | M11: =IF(F11="","",F11) | N11: =IF(G11="","",PROPER(TRIM(G11))) | O11: ="Road" | P11: =IF(A11="","N",IF(UPPER(A11)="TOTAL","N",IF(COUNTIF($A$5:A11,A11)>1,"N","Y"))) | Q11: =IF(P11="Y","",IF(A11="","Blank row",IF(UPPER(A11)="TOTAL","Non-data TOTAL row","Duplicate shipment ID")))
A12: rd-507 | B12: 2026-02-07 | C12: Lahore | D12: Sialkot | E12: 5900 | F12: 39000 | G12: delivered | H12: =IF(A12="","",UPPER(A12)) | I12: =IFERROR(DATEVALUE(B12),"") | J12: =IF(C12="","",C12) | K12: =IF(D12="","",D12) | L12: =IF(E12="","",E12) | M12: =IF(F12="","",F12) | N12: =IF(G12="","",PROPER(TRIM(G12))) | O12: ="Road" | P12: =IF(A12="","N",IF(UPPER(A12)="TOTAL","N",IF(COUNTIF($A$5:A12,A12)>1,"N","Y"))) | Q12: =IF(P12="Y","",IF(A12="","Blank row",IF(UPPER(A12)="TOTAL","Non-data TOTAL row","Duplicate shipment ID")))
A13: rd-508 | B13: 2026-02-09 | C13: Quetta | D13: Karachi | E13: 6600 | F13: 92000 | G13: in transit | H13: =IF(A13="","",UPPER(A13)) | I13: =IFERROR(DATEVALUE(B13),"") | J13: =IF(C13="","",C13) | K13: =IF(D13="","",D13) | L13: =IF(E13="","",E13) | M13: =IF(F13="","",F13) | N13: =IF(G13="","",PROPER(TRIM(G13))) | O13: ="Road" | P13: =IF(A13="","N",IF(UPPER(A13)="TOTAL","N",IF(COUNTIF($A$5:A13,A13)>1,"N","Y"))) | Q13: =IF(P13="Y","",IF(A13="","Blank row",IF(UPPER(A13)="TOTAL","Non-data TOTAL row","Duplicate shipment ID")))
A14: rd-509 | B14: 2026-02-10 | C14: Faisalabad | D14: Multan | E14: 6200 | F14: 44000 | G14: delivered | H14: =IF(A14="","",UPPER(A14)) | I14: =IFERROR(DATEVALUE(B14),"") | J14: =IF(C14="","",C14) | K14: =IF(D14="","",D14) | L14: =IF(E14="","",E14) | M14: =IF(F14="","",F14) | N14: =IF(G14="","",PROPER(TRIM(G14))) | O14: ="Road" | P14: =IF(A14="","N",IF(UPPER(A14)="TOTAL","N",IF(COUNTIF($A$5:A14,A14)>1,"N","Y"))) | Q14: =IF(P14="Y","",IF(A14="","Blank row",IF(UPPER(A14)="TOTAL","Non-data TOTAL row","Duplicate shipment ID")))
A15: rd-510 | B15: 2026-02-11 | C15: Lahore | D15: Gujranwala | E15: 7000 | F15: 27000 | G15: delivered | H15: =IF(A15="","",UPPER(A15)) | I15: =IFERROR(DATEVALUE(B15),"") | J15: =IF(C15="","",C15) | K15: =IF(D15="","",D15) | L15: =IF(E15="","",E15) | M15: =IF(F15="","",F15) | N15: =IF(G15="","",PROPER(TRIM(G15))) | O15: ="Road" | P15: =IF(A15="","N",IF(UPPER(A15)="TOTAL","N",IF(COUNTIF($A$5:A15,A15)>1,"N","Y"))) | Q15: =IF(P15="Y","",IF(A15="","Blank row",IF(UPPER(A15)="TOTAL","Non-data TOTAL row","Duplicate shipment ID")))
A16: rd-511 | B16: 2026-02-12 | C16: Karachi | D16: Hyderabad | E16: 5500 | F16: 36000 | G16: in transit | H16: =IF(A16="","",UPPER(A16)) | I16: =IFERROR(DATEVALUE(B16),"") | J16: =IF(C16="","",C16) | K16: =IF(D16="","",D16) | L16: =IF(E16="","",E16) | M16: =IF(F16="","",F16) | N16: =IF(G16="","",PROPER(TRIM(G16))) | O16: ="Road" | P16: =IF(A16="","N",IF(UPPER(A16)="TOTAL","N",IF(COUNTIF($A$5:A16,A16)>1,"N","Y"))) | Q16: =IF(P16="Y","",IF(A16="","Blank row",IF(UPPER(A16)="TOTAL","Non-data TOTAL row","Duplicate shipment ID")))
A17: rd-512 | B17: 2026-02-13 | C17: Rawalpindi | D17: Abbottabad | E17: 5800 | F17: 45000 | G17: delivered | H17: =IF(A17="","",UPPER(A17)) | I17: =IFERROR(DATEVALUE(B17),"") | J17: =IF(C17="","",C17) | K17: =IF(D17="","",D17) | L17: =IF(E17="","",E17) | M17: =IF(F17="","",F17) | N17: =IF(G17="","",PROPER(TRIM(G17))) | O17: ="Road" | P17: =IF(A17="","N",IF(UPPER(A17)="TOTAL","N",IF(COUNTIF($A$5:A17,A17)>1,"N","Y"))) | Q17: =IF(P17="Y","",IF(A17="","Blank row",IF(UPPER(A17)="TOTAL","Non-data TOTAL row","Duplicate shipment ID")))
H18: =IF(A18="","",UPPER(A18)) | I18: =IFERROR(DATEVALUE(B18),"") | J18: =IF(C18="","",C18) | K18: =IF(D18="","",D18) | L18: =IF(E18="","",E18) | M18: =IF(F18="","",F18) | N18: =IF(G18="","",PROPER(TRIM(G18))) | O18: ="Road" | P18: =IF(A18="","N",IF(UPPER(A18)="TOTAL","N",IF(COUNTIF($A$5:A18,A18)>1,"N","Y"))) | Q18: =IF(P18="Y","",IF(A18="","Blank row",IF(UPPER(A18)="TOTAL","Non-data TOTAL row","Duplicate shipment ID")))
A19: TOTAL | E19: 83000 | F19: 652000 | H19: =IF(A19="","",UPPER(A19)) | I19: =IFERROR(DATEVALUE(B19),"") | J19: =IF(C19="","",C19) | K19: =IF(D19="","",D19) | L19: =IF(E19="","",E19) | M19: =IF(F19="","",F19) | N19: =IF(G19="","",PROPER(TRIM(G19))) | O19: ="Road" | P19: =IF(A19="","N",IF(UPPER(A19)="TOTAL","N",IF(COUNTIF($A$5:A19,A19)>1,"N","Y"))) | Q19: =IF(P19="Y","",IF(A19="","Blank row",IF(UPPER(A19)="TOTAL","Non-data TOTAL row","Duplicate shipment ID")))

Sheet T4 Reconcile
A1: Task 4 · Reconcile — Validate Before You Trust (3 min)
A2: Nothing to type here. These checks read your staging tabs. Every ✘ means a mistake in Task 3 — go back and fix it until everything is ✔.
A4: Source | B4: Raw lines | C4: Removed | D4: Loaded | E4: Expected rows | F4: Weight (kg) | G4: Expected kg | H4: Check
A5: Marine | B5: =ROWS('T3a Marine_Stg'!A5:A16) | C5: =0 | D5: =COUNT('T3a Marine_Stg'!L5:L16) | E5: 12 | F5: =SUM('T3a Marine_Stg'!L5:L16) | G5: 206500 | H5: =IF(AND(D5=E5,ABS(F5-G5)<0.5),"✔ OK","✘ Fix it")
A6: Rail | B6: =ROWS('T3b Rail_Stg'!A5:A14) | C6: =0 | D6: =COUNT('T3b Rail_Stg'!L5:L14) | E6: 10 | F6: =SUM('T3b Rail_Stg'!L5:L14) | G6: 295250 | H6: =IF(AND(D6=E6,ABS(F6-G6)<0.5),"✔ OK","✘ Fix it")
A7: Road | B7: =ROWS('T3c Road_Stg'!A5:A19) | C7: =COUNTIF('T3c Road_Stg'!P5:P19,"N") | D7: =COUNTIF('T3c Road_Stg'!P5:P19,"Y") | E7: 12 | F7: =SUMIF('T3c Road_Stg'!P5:P19,"Y",'T3c Road_Stg'!L5:L19) | G7: 76900 | H7: =IF(AND(D7=E7,ABS(F7-G7)<0.5),"✔ OK","✘ Fix it")
A8: Total | B8: =SUM(B5:B7) | C8: =SUM(C5:C7) | D8: =SUM(D5:D7) | E8: =SUM(E5:E7) | F8: =SUM(F5:F7) | G8: =SUM(G5:G7) | H8: =IF(AND(D8=34,ABS(F8-578650)<0.5,B8-C8=D8),"✔ OK","✘ Fix it")
A10: Total freight (tonnes) | F10: =F8/1000 | G10: 578.65 | H10: =IF(ABS(F10-G10)<0.001,"✔ OK","✘ Fix it")
A11: Reconciliation rule: Raw lines − Removed = Loaded. Every removed row must have a reason in T3c.
A12: Expected values (blue) are the official lab answers from slide 39.
A14: Status | B14: Marine | C14: Rail | D14: Road (kept) | E14: Total | F14: Expected | H14: Check
A15: Delivered | B15: =COUNTIF('T3a Marine_Stg'!N5:N16,A15) | C15: =COUNTIF('T3b Rail_Stg'!N5:N14,A15) | D15: =COUNTIFS('T3c Road_Stg'!N5:N19,A15,'T3c Road_Stg'!P5:P19,"Y") | E15: =SUM(B15:D15) | F15: 22 | H15: =IF(E15=F15,"✔ OK","✘ Fix it")
A16: In Transit | B16: =COUNTIF('T3a Marine_Stg'!N5:N16,A16) | C16: =COUNTIF('T3b Rail_Stg'!N5:N14,A16) | D16: =COUNTIFS('T3c Road_Stg'!N5:N19,A16,'T3c Road_Stg'!P5:P19,"Y") | E16: =SUM(B16:D16) | F16: 8 | H16: =IF(E16=F16,"✔ OK","✘ Fix it")
A17: Delayed | B17: =COUNTIF('T3a Marine_Stg'!N5:N16,A17) | C17: =COUNTIF('T3b Rail_Stg'!N5:N14,A17) | D17: =COUNTIFS('T3c Road_Stg'!N5:N19,A17,'T3c Road_Stg'!P5:P19,"Y") | E17: =SUM(B17:D17) | F17: 4 | H17: =IF(E17=F17,"✔ OK","✘ Fix it")
A18: Other status values | E18: =COUNTIF('T3a Marine_Stg'!N5:N16,"?*")+COUNTIF('T3b Rail_Stg'!N5:N14,"?*")+COUNTIFS('T3c Road_Stg'!N5:N19,"?*",'T3c Road_Stg'!P5:P19,"Y")-SUM(E15:E17) | F18: 0 | H18: =IF(AND(E18=0,E15+E16+E17=34),"✔ OK","✘ Fix it")
A20: Date trap | B20: MR-1003 date | F20: ='T3a Marine_Stg'!I7 | G20: =DATE(2026,2,3) | H20: =IF(F20=G20,"✔ OK","✘ Fix it")
B21: MR-1012 date | F21: ='T3a Marine_Stg'!I16 | G21: =DATE(2026,2,13) | H21: =IF(F21=G21,"✔ OK","✘ Fix it")

Sheet T5 Lineage
A1: Task 5 · Trace the Lineage of One Number (5 min)
A2: Metric: Total Freight = 578.65 tonnes (the card on the CEO dashboard). Fill each tier from the SOURCE down to the REPORT. Model answer idea: slide 29.
A4: Tier | B4: What the data looks like here | C4: What changes here (transformation) | D4: Quality check you'd place here ✓ | E4: Audit / lineage info you'd keep
A5: Source files | B5: Marine 12 rows; Rail 10 shipment rows after two title rows; Road 15 raw lines including duplicate, blank, and TOTAL. | C5: Read-only source extracts; no source file edited. | D5: Raw counts captured and source names retained. | E5: marine_shipments.csv, rail_shipments.xlsx, road_shipments.csv
A6: Staging | B6: Marine 12; Rail 10; Road 12 kept of 15. Dates, IDs, statuses, routes, costs and WeightKG conform. | C6: Parse dates; prefix/uppercase IDs; TRIM/PROPER statuses; Rail tons ? 1,000; mark Road rows Y/N with reasons. | D6: Road removed rows: rd-505 duplicate, blank row, TOTAL row; expected weights by source. | E6: Formula columns and SourceSystem audit column.
A7: Storage (integrated) | B7: 34 conformed shipment facts: 12 Marine + 10 Rail + 12 Road. | C7: Union the three staging contracts on ShipmentID, ShipDate, Origin, Destination, WeightKG, CostPKR, Status, SourceSystem. | D7: 34 rows and 578,650 kg; no other status values. | E7: SourceSystem preserves row-level lineage.
A8: Presentation | B8: Metric = SUM(WeightKG) / 1000. | C8: Aggregate the integrated fact by the selected report context. | D8: Reconcile before publishing; block if raw?removed?loaded or weight differs. | E8: Single shared metric definition.
A9: Report | B9: Total Freight = 578.65 tonnes. | C9: Display the validated presentation measure. | D9: Control rejects a TOTAL row or unit mismatch before refresh completes. | E9: Dashboard card traces to integrated facts and source rows.
A11: Convert rail tons to kilograms in Rail staging, where the source unit is known and the conformed contract is WeightKG; the dashboard should only aggregate a single canonical unit.

Sheet T6 Bus Matrix
A1: Task 6 · Kimball Bus Matrix (7 min)
A2: Rows = PakFreight business processes (each becomes one star schema). Columns = dimensions. Put X where a process needs that dimension. Dimensions used by many processes must be CONFORMED (built once, shared by all stars) — that is what stops stovepipes.
A4: Business process (fact table) | B4: Date | C4: Customer | D4: Route | E4: Vehicle | F4: Driver | G4: Station / Port | H4: Commodity | I4: Dims used
A5: Shipments | B5: X | C5: X | D5: X | E5: X | G5: X | H5: X | I5: =COUNTIF(B5:H5,"X")
A6: Billing & Invoicing | B6: X | C6: X | D6: X | E6: X | G6: X | H6: X | I6: =COUNTIF(B6:H6,"X")
A7: Fleet Maintenance | B7: X | E7: X | F7: X | G7: X | I7: =COUNTIF(B7:H7,"X")
A8: Fuel Purchases | B8: X | E8: X | G8: X | I8: =COUNTIF(B8:H8,"X")
A9: Driver Trips & Hours | B9: X | C9: X | D9: X | E9: X | F9: X | G9: X | H9: X | I9: =COUNTIF(B9:H9,"X")
A10: Customer Complaints | B10: X | C10: X | D10: X | G10: X | H10: X | I10: =COUNTIF(B10:H10,"X")
A11: Processes using this dim | B11: =COUNTIF(B5:B10,"X") | C11: =COUNTIF(C5:C10,"X") | D11: =COUNTIF(D5:D10,"X") | E11: =COUNTIF(E5:E10,"X") | F11: =COUNTIF(F5:F10,"X") | G11: =COUNTIF(G5:G10,"X") | H11: =COUNTIF(H5:H10,"X")
A12: Row 1 (Shipments) is filled as an example.
A14: Date is used by every process because time is the common reporting axis and a conformed Date dimension makes periods comparable across stars.
A16: Finance, Operations and Sales must conform Date, Shipment/Customer identity, and the shipment weight/unit definition; Route is also needed for comparable operational reporting.
A18: No. Bottom-up means build process-specific stars incrementally, but the bus matrix plans shared dimensions first and proves where conformance is required.
A20: Shipments first: it directly answers the COO's operational question and provides the canonical shipment and WeightKG facts that Billing can reuse.

Sheet T7 Inmon or Kimball
A1: Task 7 · Inmon, Kimball or Hybrid? (5 min)
A2: Pick from the drop-down for each statement and give a one-line reason. Your teacher will reveal the answers.
A4: # | B4: Statement / scenario | C4: Inmon · Kimball · Hybrid | D4: Why? (one line)
A5: 1 | B5: A bank must integrate 40 systems into one enterprise model for regulators before anyone builds reports. | C5: Inmon | D5: Enterprise integration and governance precede reports; the regulator needs a central EDW.
A6: 2 | B6: PakFreight's COO wants a useful shipments dashboard within 3 months. | C6: Kimball | D6: A focused shipments star can deliver value quickly.
A7: 3 | B7: The core warehouse is stored in normalised third normal form (3NF). | C7: Inmon | D7: 3NF is the normalized enterprise warehouse pattern.
A8: 4 | B8: Data marts ARE the presentation area, tied together by conformed dimensions. | C8: Kimball | D8: Conformed dimensions tie dependent marts together in the presentation layer.
A9: 5 | B9: The bus matrix is planned for the whole company, but built one process at a time. | C9: Hybrid | D9: The bus is planned enterprise-wide but stars are delivered process by process.
A10: 6 | B10: Departments get dependent marts that are derived from the central EDW. | C10: Inmon | D10: Dependent marts derive from the central EDW.
A11: 7 | B11: Biggest risk: a long wait before users see any value. | C11: Inmon | D11: Central integration can delay visible business value.
A12: 8 | B12: Biggest risk: sliding back into stovepipes if teams ignore conformance. | C12: Kimball | D12: Ignoring conformance recreates stovepipes.
A13: 9 | B13: Start from the data; users discover real requirements after they see it (CLDS). | C13: Kimball | D13: CLDS starts from available data and learns requirements through delivery.
A14: 10 | B14: Bronze raw files → Silver cleaned & integrated tables → Gold star schemas in Microsoft Fabric.
